{
    "data":{
        "attributes":{
            "normal":{
                "type":"Float32Array",
                "itemSize":3,
                "array":[0,-0.999969,0,0,-1,0,0,-1,0,0.669118,0,-0.743126,0.669118,0,-0.743126,0.669118,0,-0.743126,0,-1,0,0.104526,0,-0.994507,0.104526,0,-0.994507,0.104526,0,-0.994507,0,-1,0,-0.499985,0,-0.866024,-0.499985,0,-0.866024,-0.499985,0,-0.866024,0,-1,0,-0.913541,0,-0.40672,-0.913541,0,-0.40672,-0.913541,0,-0.40672,0,-1,0,-0.978118,0,0.207892,-0.978118,0,0.207892,-0.978118,0,0.207892,0,-0.999969,0,-0.669118,0,0.743126,-0.669118,0,0.743126,-0.669118,0,0.743126,0.913541,0,0.40672,0.913541,0,0.40672,0.913541,0,0.40672,0,-1,0,-0.104495,0,0.994507,-0.104495,0,0.994507,-0.104495,0,0.994507,0,-1,0,0,-1,0,0.499985,0,0.866024,0.499985,0,0.866024,0.499985,0,0.866024,0.978118,0,-0.207892,0.978118,0,-0.207892,0.978118,0,-0.207892,0,1,0,0,1,0,0,1,0,0.669118,0,-0.743126,0.104526,0,-0.994507,-0.499985,0,-0.866024,-0.913541,0,-0.40672,-0.978118,0,0.207892,-0.669118,0,0.743126,0.913541,0,0.40672,-0.104495,0,0.994507,0.499985,0,0.866024,0.978118,0,-0.207892,0,0.999969,0,0,1,0,0,1,0,0,1,0,0,0.999969,0,0,1,0,0,1,0]
            },
            "position":{
                "type":"Float32Array",
                "itemSize":3,
                "array":[0.162695,2.28333,-0.365418,0.34641,2.28333,-0.2,0,2.28333,2.72195e-07,0.162695,2.75,-0.365418,0.34641,2.28333,-0.2,0.162695,2.28333,-0.365418,-0.083165,2.28333,-0.391259,-0.083165,2.75,-0.391259,0.162695,2.28333,-0.365418,-0.083165,2.28333,-0.391259,-0.297258,2.28333,-0.267652,-0.297258,2.28333,-0.267652,-0.083165,2.75,-0.391259,-0.083165,2.28333,-0.391259,-0.397809,2.28333,-0.0418107,-0.397809,2.28333,-0.0418107,-0.297258,2.75,-0.267652,-0.297258,2.28333,-0.267652,-0.34641,2.28333,0.2,-0.34641,2.75,0.2,-0.397809,2.28333,-0.0418107,-0.34641,2.28333,0.2,-0.162695,2.28333,0.365419,-0.162695,2.28333,0.365419,-0.34641,2.75,0.2,-0.34641,2.28333,0.2,0.397809,2.75,0.0418123,0.297258,2.28333,0.267653,0.397809,2.28333,0.0418123,0.083165,2.28333,0.391259,0.083165,2.75,0.391259,-0.162695,2.28333,0.365419,0.083165,2.28333,0.391259,0.397809,2.28333,0.0418123,0.297258,2.28333,0.267653,0.297258,2.75,0.267653,0.083165,2.28333,0.391259,0.297258,2.28333,0.267653,0.34641,2.75,-0.2,0.397809,2.28333,0.0418123,0.34641,2.28333,-0.2,-0.397809,2.75,-0.0418107,0.397809,2.75,0.0418123,0.34641,2.75,-0.2,0.34641,2.75,-0.2,0.162695,2.75,-0.365418,-0.297258,2.75,-0.267652,-0.397809,2.75,-0.0418107,-0.397809,2.75,-0.0418107,-0.162695,2.75,0.365419,0.297258,2.75,0.267653,-0.162695,2.75,0.365419,0.083165,2.75,0.391259,0.397809,2.75,0.0418123,0.162695,2.75,-0.365418,-0.083165,2.75,-0.391259,-0.297258,2.75,-0.267652,-0.34641,2.75,0.2,-0.162695,2.75,0.365419,0.083165,2.75,0.391259,0.297258,2.75,0.267653]
            },
            "uv":{
                "type":"Float32Array",
                "itemSize":2,
                "array":[0.0955,0.7939,0,0.5,0.5,0.5,0.1,1,0,0,0.1,0,0.3455,0.9755,0.2,1,0.1,0,0.2,0,0.6545,0.9755,0.3,0,0.2,1,0.2,0,0.9045,0.7939,0.4,0,0.3,1,0.3,0,1,0.5,0.5,1,0.4,0,0.5,0,0.9045,0.2061,0.6,0,0.5,1,0.5,0,0.9,1,0.8,0,0.9,0,0.6545,0.0245,0.7,1,0.6,0,0.7,0,0.0955,0.2061,0.3455,0.0245,0.8,1,0.7,0,0.8,0,1,1,0.9,0,1,0,0.0955,0.7939,0.9045,0.7939,1,0.5,0,1,0.1,1,0.3,1,0.4,1,0.4,1,0.6,1,0.8,1,0.6,1,0.7,1,0.9,1,0.9045,0.7939,0.6545,0.9755,0.3455,0.9755,0,0.5,0.0955,0.2061,0.3455,0.0245,0.6545,0.0245]
            }
        },
        "index":{
            "type":"Uint16Array",
            "itemSize":1,
            "array":[0,1,2,3,4,5,6,0,2,7,8,9,10,6,2,11,12,13,14,10,2,15,16,17,18,14,2,19,20,21,22,18,2,23,24,25,26,27,28,29,22,2,30,31,32,1,33,2,34,29,2,35,36,37,38,39,40,33,34,2,41,42,43,3,44,4,7,45,8,11,46,12,15,47,16,19,48,20,23,49,24,26,50,27,30,51,31,35,52,36,38,53,39,43,54,55,55,56,41,41,57,58,58,59,60,60,42,41,43,55,41,41,58,60]
        }
    },
    "metadata":{
        "type":"BufferGeometry",
        "generator":"io_three",
        "uv":61,
        "normal":61,
        "position":61,
        "version":3
    }
}