{

    "metadata" :
    {
        "formatVersion" : 3.1,
        "sourceFile"    : "old-propeller-with-material2.obj",
        "generatedBy"   : "OBJConverter",
        "vertices"      : 81,
        "faces"         : 150,
        "normals"       : 83,
        "colors"        : 0,
        "uvs"           : 155,
        "materials"     : 1
    },

    "scale" : 1.000000,

    "materials": [	{
	"DbgColor" : 15658734,
	"DbgIndex" : 0,
	"DbgName" : "Propeller",
	"colorDiffuse" : [0.192157, 0.466667, 0.670588],
	"colorSpecular" : [0.5, 0.5, 0.5],
	"illumination" : 2,
	"opacity" : 0.0,
	"opticalDensity" : 1.0,
	"specularCoef" : 96.078431,
	"transparent" : true
	}],

    "vertices": [-0.030000,2.568628,0.300000,0.289808,2.614705,0.300000,0.030000,2.464705,0.300000,-0.289808,2.418628,0.300000,-0.229808,2.314705,0.300000,-0.506605,2.366413,1.800000,-0.520432,2.425148,3.300000,-0.527443,2.484590,1.800000,-0.340501,2.556225,4.800002,-0.333273,2.436443,4.800002,-0.173151,2.566324,6.300002,-0.165922,2.446542,6.300002,0.003614,2.456774,6.300002,0.173151,2.467005,6.300002,-0.003614,2.576556,6.300002,0.333273,2.596887,4.800002,0.340501,2.477105,4.800002,0.520432,2.608182,3.300000,0.527661,2.488400,3.300000,0.527443,2.548743,1.800000,0.506605,2.666920,1.800000,-0.010419,2.575755,1.800000,0.229808,2.718628,0.300000,-0.003614,2.576556,3.300000,-0.527661,2.544931,3.300000,-0.003614,2.576556,4.800002,0.165922,2.586787,6.300002,0.003614,2.456774,4.800002,0.003614,2.456774,3.300000,0.010419,2.457578,1.800000,0.162695,2.283333,-0.365418,0.346410,2.283333,-0.200000,0.000000,2.283333,0.000000,0.162695,2.750000,-0.365418,-0.083165,2.283333,-0.391259,-0.083165,2.750000,-0.391259,-0.297258,2.283333,-0.267652,-0.397809,2.283333,-0.041811,-0.297258,2.750000,-0.267652,-0.346410,2.283333,0.200000,-0.346410,2.750000,0.200000,-0.162695,2.283333,0.365419,0.397809,2.750000,0.041812,0.297258,2.283333,0.267653,0.397809,2.283333,0.041812,0.083165,2.283333,0.391259,0.083165,2.750000,0.391259,0.297258,2.750000,0.267653,0.346410,2.750000,-0.200000,-0.397809,2.750000,-0.041811,-0.162695,2.750000,0.365419,0.030000,2.568628,-0.300000,-0.289808,2.614705,-0.300000,-0.030000,2.464705,-0.300000,0.289808,2.418628,-0.300000,0.229808,2.314705,-0.300000,0.506605,2.366413,-1.800000,0.520432,2.425150,-3.299999,0.527443,2.484590,-1.800000,0.340501,2.556229,-4.800000,0.333273,2.436446,-4.800000,0.165922,2.446546,-6.300000,-0.003614,2.456778,-6.300000,0.173151,2.566328,-6.300000,-0.173151,2.467009,-6.300000,0.003614,2.576560,-6.300000,-0.333273,2.596890,-4.800000,-0.340501,2.477108,-4.800000,-0.520432,2.608185,-3.299999,-0.527661,2.488402,-3.299999,-0.527443,2.548744,-1.800000,-0.506605,2.666921,-1.799999,0.010419,2.575755,-1.799999,-0.229808,2.718628,-0.300000,0.003614,2.576559,-3.299999,0.527661,2.544934,-3.299999,0.003614,2.576559,-4.800000,-0.165922,2.586791,-6.300000,-0.003614,2.456777,-4.800000,-0.003614,2.456776,-3.299999,-0.010419,2.457578,-1.800000],

    "morphTargets": [],

    "morphColors": [],

    "normals": [0,0,-1,-0.8574,-0.495,-0.1411,-0.9848,-0.1736,-0.0023,-0.9905,-0.0599,0.124,-0.9905,-0.0598,0.124,-0.992,-0.06,0.1111,-0.992,-0.0599,0.1111,-0,0,1,0.992,0.06,0.1111,0.992,0.0599,0.1111,0.9905,0.0599,0.124,0.9905,0.0598,0.124,0.9982,0.0602,0.0023,0.9741,0.1718,-0.1468,-0.5,0.866,0.0024,-0.1736,0.9848,0.0003,-0.1735,0.984,-0.0396,-0.0602,0.9982,-0.0001,-0.0602,0.9982,0,0.0602,-0.9982,-0,0.0602,-0.9982,-0.0001,0.0602,-0.9982,-0.0003,0.0602,-0.9974,0.0396,0.1732,-0.9823,-0.0706,0.1733,-0.9827,0.0658,-0.9741,-0.1718,-0.1468,-0.9982,-0.0602,0.0023,0.9848,0.1736,-0.0023,0.8574,0.495,-0.1411,-0.1733,0.9827,0.0658,-0.1732,0.9823,-0.0706,-0.0602,0.9974,0.0396,-0.0602,0.9982,-0.0003,0.1735,-0.984,-0.0396,0.1736,-0.9848,0.0003,0.5,-0.866,0.0024,0,-1,0,0.6691,0,-0.7431,0.1045,0,-0.9945,-0.5,0,-0.866,-0.9135,0,-0.4067,-0.9781,-0,0.2079,-0.6691,-0,0.7431,0.9135,-0,0.4067,-0.1045,-0,0.9945,0.5,-0,0.866,0.9781,0,-0.2079,0,1,-0,0,-0,1,0.8574,-0.495,0.1411,0.9848,-0.1736,0.0023,0.9913,-0.0598,-0.1176,0.9905,-0.0598,-0.124,0.992,-0.0599,-0.1111,-0,0,-1,-0.992,0.06,-0.1111,-0.992,0.0599,-0.1111,-0.9905,0.0599,-0.124,-0.9905,0.0598,-0.124,-0.9982,0.0602,-0.0023,-0.9741,0.1718,0.1468,0.5,0.866,-0.0024,0.1736,0.9848,-0.0003,0.1735,0.984,0.0396,0.0602,0.9982,0.0001,0.0602,0.9982,0,-0.0602,-0.9982,-0,-0.0602,-0.9982,0.0001,-0.0602,-0.9982,0.0003,-0.0602,-0.9974,-0.0396,-0.1732,-0.9823,0.0706,-0.1733,-0.9827,-0.0658,0.9741,-0.1718,0.1468,0.9982,-0.0602,-0.0023,-0.9848,0.1736,0.0023,-0.8574,0.495,0.1411,0.1733,0.9827,-0.0658,0.1732,0.9823,0.0706,0.0602,0.9974,-0.0396,0.0602,0.9982,0.0003,-0.1735,-0.984,0.0396,-0.1736,-0.9848,-0.0003,-0.5,-0.866,-0.0024],

    "colors": [],

    "uvs": [[0.5,1,0,0,0.5,0,1,1,1,0,0.25,0,0,1,0,0,0.5,0,0.25,1,0.75,1,0.75,0,1,1,1,0,0.5,0,0,1,0,0,1,0,0.5,1,0.25,1,0,0,0.25,0,0.5,1,0.5,0,0.75,0,1,0,0.75,1,0.5,0.25,0,0,0.5,0,1,0,0.5,0.5,0,0.25,1,0.5,1,0.25,0,0.75,0,0.5,1,0.75,0.5,0.75,0,1,0.5,0.25,0.5,0.5,0,0.25,1,0.25,0.5,0.75,0,0.5,1,0.75,1,0.5,0,1,0,0.75,1,1,0,1,0.5,1,1,1,1,1,0.5,1,0.0955,0.7939,0,0.5,0.5,0.5,0.1,1,0,0,0.1,0,0.3455,0.9755,0.2,1,0.2,0,0.6545,0.9755,0.3,0,0.9045,0.7939,0.4,0,0.3,1,1,0.5,0.5,1,0.5,0,0.9045,0.2061,0.6,0,0.9,1,0.8,0,0.9,0,0.6545,0.0245,0.7,1,0.7,0,0.0955,0.2061,0.3455,0.0245,0.8,1,1,1,1,0,0.0955,0.7939,0.9045,0.7939,1,0.5,0,1,0.4,1,0.6,1,0.9045,0.7939,0.6545,0.9755,0.3455,0.9755,0,0.5,0.0955,0.2061,0.3455,0.0245,0.6545,0.0245,0.5,1,0,0,0.5,0,1,1,1,0,0.25,0,0,1,0,0,0.5,0,0.25,1,0.75,1,0.75,0,1,0,0.5,0,0,1,0,0,1,0,0.5,1,0.25,1,0,0,0.25,0,0.5,1,0.5,0,0.75,0,1,0,0.75,1,0.5,0.25,0,0,0.5,0,1,0,0.5,0.5,0,0.25,1,0.5,1,0.25,0,0.75,0,0.5,1,0.75,0.5,0.75,0,1,1,1,0.5,0.25,0.5,0.5,0,0.25,1,0.25,0.5,0.75,0,0.5,1,0.75,1,0.5,0,1,0,0.75,1,1,0,1,0.5,1,1,1,1,1,0.5,1]],