{

    "metadata" :
    {
        "formatVersion" : 3.1,
        "sourceFile"    : "Propeller-NoPhong.obj",
        "generatedBy"   : "OBJConverter",
        "vertices"      : 81,
        "faces"         : 420,
        "normals"       : 0,
        "colors"        : 0,
        "uvs"           : 43,
        "materials"     : 1
    },

    "scale" : 1.000000,

    "materials": [	{
	"DbgColor" : 15658734,
	"DbgIndex" : 0,
	"DbgName" : "default"
	}],

    "vertices": [-0.289808,2.614705,-0.300000,-0.229808,2.718628,-0.300000,-0.030000,2.464705,-0.300000,0.030000,2.568628,-0.300000,0.229808,2.314705,-0.300000,0.289808,2.418628,-0.300000,0.506605,2.366413,-1.800000,0.527443,2.484590,-1.800000,0.520432,2.425150,-3.300000,0.527661,2.544932,-3.300000,0.333273,2.436445,-4.800000,0.340501,2.556227,-4.800000,0.165922,2.446544,-6.300000,0.173151,2.566326,-6.300000,-0.003614,2.456776,-6.300000,0.003614,2.576558,-6.300000,-0.173151,2.467007,-6.300000,-0.165922,2.586789,-6.300000,-0.340501,2.477107,-4.800000,-0.333273,2.596889,-4.800000,-0.527661,2.488401,-3.300000,-0.520432,2.608184,-3.300000,-0.527443,2.548743,-1.800000,-0.506605,2.666920,-1.800000,0.010419,2.575755,-1.800000,0.003614,2.576558,-3.300000,0.003614,2.576558,-4.800000,-0.003614,2.456776,-4.800000,-0.003614,2.456776,-3.300000,-0.010419,2.457578,-1.800000,0.289808,2.614705,0.300000,0.229808,2.718628,0.300000,0.030000,2.464705,0.300000,-0.030000,2.568628,0.300000,-0.229808,2.314705,0.300000,-0.289808,2.418628,0.300000,-0.506605,2.366413,1.800000,-0.527443,2.484590,1.800000,-0.520432,2.425150,3.300000,-0.527661,2.544932,3.300000,-0.333273,2.436445,4.800000,-0.340501,2.556227,4.800000,-0.165922,2.446544,6.300000,-0.173151,2.566326,6.300000,0.003614,2.456776,6.300000,-0.003614,2.576558,6.300000,0.173151,2.467007,6.300000,0.165922,2.586789,6.300000,0.340501,2.477107,4.800000,0.333273,2.596889,4.800000,0.527661,2.488401,3.300000,0.520432,2.608184,3.300000,0.527443,2.548743,1.800000,0.506605,2.666920,1.800000,-0.010419,2.575755,1.800000,-0.003614,2.576558,3.300000,-0.003614,2.576558,4.800000,0.003614,2.456776,4.800000,0.003614,2.456776,3.300000,0.010419,2.457578,1.800000,0.000000,2.283333,0.000000,0.397809,2.750000,0.041811,0.346410,2.283333,-0.200000,0.346410,2.750000,-0.200000,0.162695,2.283333,-0.365418,0.162695,2.750000,-0.365418,-0.083165,2.283333,-0.391259,-0.083165,2.750000,-0.391259,-0.297258,2.283333,-0.267652,-0.297258,2.750000,-0.267652,-0.397809,2.283333,-0.041811,-0.397809,2.750000,-0.041811,-0.346410,2.283333,0.200000,-0.346410,2.750000,0.200000,-0.162695,2.283333,0.365418,-0.162695,2.750000,0.365418,0.083165,2.283333,0.391259,0.083165,2.750000,0.391259,0.297258,2.283333,0.267652,0.297258,2.750000,0.267652,0.397809,2.283333,0.041811],

    "morphTargets": [],

    "morphColors": [],

    "normals": [],

    "colors": [],

    "uvs": [[0.5,0,0.5,1,0,1,0,0,1,0,1,1,0.25,0,0.25,1,0.75,0,0.75,1,0.5,0.25,0,0.25,1,0.25,0.5,0.5,0,0.5,1,0.5,0.5,0.75,0,0.75,1,0.75,0.095492,0.79389,0.1,0,0.1,1,0.34549,0.97553,0.2,0,0.2,1,0.65451,0.97553,0.3,0,0.3,1,0.90451,0.79389,0.4,0,0.4,1,0.90451,0.20611,0.6,0,0.6,1,0.9,0,0.9,1,0.8,1,0.8,0,0.65451,0.024472,0.7,0,0.7,1,0.095492,0.20611,0.34549,0.024472]],

    "faces": [11,2,3,1,0,0,0,1,2,3,11,4,5,3,2,0,4,5,1,0,11,6,7,5,4,0,6,7,2,3,11,8,9,7,6,0,0,1,7,6,11,10,11,9,8,0,8,9,1,0,11,12,13,11,10,0,4,5,9,8,11,14,15,13,12,0,0,1,2,3,11,16,17,15,14,0,4,5,1,0,11,18,19,17,16,0,6,7,2,3,11,20,21,19,18,0,0,1,7,6,11,22,23,21,20,0,8,9,1,0,11,0,1,23,22,0,4,5,9,8,11,3,24,23,1,0,0,10,11,3,11,5,7,24,3,0,4,12,10,0,11,24,25,21,23,0,10,13,14,11,11,7,9,25,24,0,12,15,13,10,11,25,26,19,21,0,13,16,17,14,11,9,11,26,25,0,15,18,16,13,11,26,15,17,19,0,16,1,2,17,11,11,13,15,26,0,18,5,1,16,11,14,27,18,16,0,0,10,11,3,11,12,10,27,14,0,4,12,10,0,11,27,28,20,18,0,10,13,14,11,11,10,8,28,27,0,12,15,13,10,11,28,29,22,20,0,13,16,17,14,11,8,6,29,28,0,15,18,16,13,11,29,2,0,22,0,16,1,2,17,11,6,4,2,29,0,18,5,1,16,11,32,33,31,30,0,0,1,2,3,11,34,35,33,32,0,4,5,1,0,11,36,37,35,34,0,6,7,2,3,11,38,39,37,36,0,0,1,7,6,11,40,41,39,38,0,8,9,1,0,11,42,43,41,40,0,4,5,9,8,11,44,45,43,42,0,0,1,2,3,11,46,47,45,44,0,4,5,1,0,11,48,49,47,46,0,6,7,2,3,11,50,51,49,48,0,0,1,7,6,11,52,53,51,50,0,8,9,1,0,11,30,31,53,52,0,4,5,9,8,11,33,54,53,31,0,0,10,11,3,11,35,37,54,33,0,4,12,10,0,11,54,55,51,53,0,10,13,14,11,11,37,39,55,54,0,12,15,13,10,11,55,56,49,51,0,13,16,17,14,11,39,41,56,55,0,15,18,16,13,11,56,45,47,49,0,16,1,2,17,11,41,43,45,56,0,18,5,1,16,11,44,57,48,46,0,0,10,11,3,11,42,40,57,44,0,4,12,10,0,11,57,58,50,48,0,10,13,14,11,11,40,38,58,57,0,12,15,13,10,11,58,59,52,50,0,13,16,17,14,11,38,36,59,58,0,15,18,16,13,11,59,32,30,52,0,16,1,2,17,11,36,34,32,59,0,18,5,1,16,11,2,3,1,0,0,0,1,2,3,11,4,5,3,2,0,4,5,1,0,11,6,7,5,4,0,6,7,2,3,11,8,9,7,6,0,0,1,7,6,11,10,11,9,8,0,8,9,1,0,11,12,13,11,10,0,4,5,9,8,11,14,15,13,12,0,0,1,2,3,11,16,17,15,14,0,4,5,1,0,11,18,19,17,16,0,6,7,2,3,11,20,21,19,18,0,0,1,7,6,11,22,23,21,20,0,8,9,1,0,11,0,1,23,22,0,4,5,9,8,11,3,24,23,1,0,0,10,11,3,11,5,7,24,3,0,4,12,10,0,11,24,25,21,23,0,10,13,14,11,11,7,9,25,24,0,12,15,13,10,11,25,26,19,21,0,13,16,17,14,11,9,11,26,25,0,15,18,16,13,11,26,15,17,19,0,16,1,2,17,11,11,13,15,26,0,18,5,1,16,11,14,27,18,16,0,0,10,11,3,11,12,10,27,14,0,4,12,10,0,11,27,28,20,18,0,10,13,14,11,11,10,8,28,27,0,12,15,13,10,11,28,29,22,20,0,13,16,17,14,11,8,6,29,28,0,15,18,16,13,11,29,2,0,22,0,16,1,2,17,11,6,4,2,29,0,18,5,1,16,11,32,33,31,30,0,0,1,2,3,11,34,35,33,32,0,4,5,1,0,11,36,37,35,34,0,6,7,2,3,11,38,39,37,36,0,0,1,7,6,11,40,41,39,38,0,8,9,1,0,11,42,43,41,40,0,4,5,9,8,11,44,45,43,42,0,0,1,2,3,11,46,47,45,44,0,4,5,1,0,11,48,49,47,46,0,6,7,2,3,11,50,51,49,48,0,0,1,7,6,11,52,53,51,50,0,8,9,1,0,11,30,31,53,52,0,4,5,9,8,11,33,54,53,31,0,0,10,11,3,11,35,37,54,33,0,4,12,10,0,11,54,55,51,53,0,10,13,14,11,11,37,39,55,54,0,12,15,13,10,11,55,56,49,51,0,13,16,17,14,11,39,41,56,55,0,15,18,16,13,11,56,45,47,49,0,16,1,2,17,11,41,43,45,56,0,18,5,1,16,11,44,57,48,46,0,0,10,11,3,11,42,40,57,44,0,4,12,10,0,11,57,58,50,48,0,10,13,14,11,11,40,38,58,57,0,12,15,13,10,11,58,59,52,50,0,13,16,17,14,11,38,36,59,58,0,15,18,16,13,11,59,32,30,52,0,16,1,2,17,11,36,34,32,59,0,18,5,1,16,10,64,62,60,0,19,14,13,11,64,65,63,62,0,20,21,2,3,10,66,64,60,0,22,19,13,11,66,67,65,64,0,23,24,21,20,10,68,66,60,0,25,22,13,11,68,69,67,66,0,26,27,24,23,10,70,68,60,0,28,25,13,11,70,71,69,68,0,29,30,27,26,10,72,70,60,0,15,28,13,11,72,73,71,70,0,0,1,30,29,10,74,72,60,0,31,15,13,11,74,75,73,72,0,32,33,1,0,11,80,61,79,78,0,34,35,36,37,10,76,74,60,0,38,31,13,11,76,77,75,74,0,39,40,33,32,10,62,80,60,0,14,41,13,10,78,76,60,0,42,38,13,11,78,79,77,76,0,37,36,40,39,11,62,63,61,80,0,4,5,35,34,10,80,78,60,0,41,42,13,11,65,67,69,71,0,28,25,22,19,11,2,3,1,0,0,0,1,2,3,11,4,5,3,2,0,4,5,1,0,11,6,7,5,4,0,6,7,2,3,11,8,9,7,6,0,0,1,7,6,11,10,11,9,8,0,8,9,1,0,11,12,13,11,10,0,4,5,9,8,11,14,15,13,12,0,0,1,2,3,11,16,17,15,14,0,4,5,1,0,11,18,19,17,16,0,6,7,2,3,11,20,21,19,18,0,0,1,7,6,11,22,23,21,20,0,8,9,1,0,11,0,1,23,22,0,4,5,9,8,11,3,24,23,1,0,0,10,11,3,11,5,7,24,3,0,4,12,10,0,11,24,25,21,23,0,10,13,14,11,11,7,9,25,24,0,12,15,13,10,11,25,26,19,21,0,13,16,17,14,11,9,11,26,25,0,15,18,16,13,11,26,15,17,19,0,16,1,2,17,11,11,13,15,26,0,18,5,1,16,11,14,27,18,16,0,0,10,11,3,11,12,10,27,14,0,4,12,10,0,11,27,28,20,18,0,10,13,14,11,11,10,8,28,27,0,12,15,13,10,11,28,29,22,20,0,13,16,17,14,11,8,6,29,28,0,15,18,16,13,11,29,2,0,22,0,16,1,2,17,11,6,4,2,29,0,18,5,1,16,11,32,33,31,30,0,0,1,2,3,11,34,35,33,32,0,4,5,1,0,11,36,37,35,34,0,6,7,2,3,11,38,39,37,36,0,0,1,7,6,11,40,41,39,38,0,8,9,1,0,11,42,43,41,40,0,4,5,9,8,11,44,45,43,42,0,0,1,2,3,11,46,47,45,44,0,4,5,1,0,11,48,49,47,46,0,6,7,2,3,11,50,51,49,48,0,0,1,7,6,11,52,53,51,50,0,8,9,1,0,11,30,31,53,52,0,4,5,9,8,11,33,54,53,31,0,0,10,11,3,11,35,37,54,33,0,4,12,10,0,11,54,55,51,53,0,10,13,14,11,11,37,39,55,54,0,12,15,13,10,11,55,56,49,51,0,13,16,17,14,11,39,41,56,55,0,15,18,16,13,11,56,45,47,49,0,16,1,2,17,11,41,43,45,56,0,18,5,1,16,11,44,57,48,46,0,0,10,11,3,11,42,40,57,44,0,4,12,10,0,11,57,58,50,48,0,10,13,14,11,11,40,38,58,